행정동코드,총생활인구수,총생활인구수,총생활인구수,총생활인구수,총생활인구수,총생활인구수,총생활인구수,총생활인구수,총생활인구수,총생활인구수,총생활인구수,총생활인구수,총생활인구수,총생활인구수,총생활인구수,총생활인구수,총생활인구수,총생활인구수,총생활인구수,총생활인구수,총생활인구수,총생활인구수,총생활인구수,총생활인구수,총생활인구수,총생활인구수,총생활인구수,총생활인구수,총생활인구수,총생활인구수,총생활인구수,총생활인구수,총생활인구수,총생활인구수,총생활인구수,총생활인구수,총생활인구수,총생활인구수,총생활인구수,총생활인구수,총생활인구수,총생활인구수,총생활인구수,총생활인구수,총생활인구수,총생활인구수,총생활인구수,총생활인구수,총생활인구수,총생활인구수,총생활인구수,총생활인구수,총생활인구수,총생활인구수,총생활인구수,총생활인구수,총생활인구수,총생활인구수,총생활인구수,총생활인구수,총생활인구수,총생활인구수,총생활인구수,총생활인구수,총생활인구수,총생활인구수,총생활인구수,총생활인구수,총생활인구수,총생활인구수,총생활인구수,총생활인구수,총생활인구수,총생활인구수,총생활인구수,총생활인구수,총생활인구수,총생활인구수,총생활인구수,총생활인구수,총생활인구수,총생활인구수,총생활인구수,총생활인구수,총생활인구수,총생활인구수,총생활인구수,총생활인구수,총생활인구수,총생활인구수,총생활인구수,총생활인구수,총생활인구수,총생활인구수,총생활인구수,총생활인구수,총생활인구수,총생활인구수,총생활인구수,총생활인구수,총생활인구수,총생활인구수,총생활인구수,총생활인구수,총생활인구수,총생활인구수,총생활인구수,총생활인구수,총생활인구수,총생활인구수,총생활인구수,총생활인구수,총생활인구수,총생활인구수,총생활인구수,총생활인구수,총생활인구수,총생활인구수,총생활인구수,총생활인구수,총생활인구수,총생활인구수,총생활인구수,총생활인구수,총생활인구수,총생활인구수,총생활인구수,총생활인구수,총생활인구수,총생활인구수,총생활인구수,총생활인구수,총생활인구수,총생활인구수,총생활인구수,총생활인구수,총생활인구수,총생활인구수,총생활인구수,총생활인구수,총생활인구수,총생활인구수,총생활인구수,총생활인구수,총생활인구수,총생활인구수,총생활인구수,총생활인구수,총생활인구수,총생활인구수,총생활인구수,총생활인구수,총생활인구수,총생활인구수,총생활인구수,총생활인구수,총생활인구수,총생활인구수,총생활인구수,총생활인구수,총생활인구수,총생활인구수,총생활인구수,총생활인구수,총생활인구수,총생활인구수,총생활인구수,총생활인구수,총생활인구수,총생활인구수,총생활인구수,총생활인구수,총생활인구수,총생활인구수,총생활인구수,총생활인구수,총생활인구수,총생활인구수,총생활인구수,총생활인구수,총생활인구수,총생활인구수,총생활인구수,총생활인구수,총생활인구수,총생활인구수,총생활인구수,총생활인구수,총생활인구수,총생활인구수,총생활인구수,총생활인구수,총생활인구수,총생활인구수,총생활인구수,총생활인구수,총생활인구수,총생활인구수,총생활인구수,총생활인구수,총생활인구수,총생활인구수,총생활인구수,총생활인구수,총생활인구수,총생활인구수,총생활인구수,총생활인구수,총생활인구수,총생활인구수,총생활인구수,총생활인구수,총생활인구수,총생활인구수,총생활인구수,총생활인구수,총생활인구수,총생활인구수,총생활인구수,총생활인구수,총생활인구수,총생활인구수,총생활인구수,총생활인구수,총생활인구수,총생활인구수,총생활인구수,총생활인구수,총생활인구수,총생활인구수,총생활인구수,총생활인구수,총생활인구수,총생활인구수,총생활인구수,총생활인구수,총생활인구수,총생활인구수,총생활인구수,총생활인구수,총생활인구수,총생활인구수,총생활인구수,총생활인구수,총생활인구수,총생활인구수,총생활인구수,총생활인구수,총생활인구수,총생활인구수,총생활인구수,총생활인구수,총생활인구수,총생활인구수,총생활인구수,총생활인구수,총생활인구수,총생활인구수,총생활인구수,총생활인구수,총생활인구수,총생활인구수,총생활인구수,총생활인구수,총생활인구수,총생활인구수,총생활인구수,총생활인구수,총생활인구수,총생활인구수,총생활인구수,총생활인구수,총생활인구수,총생활인구수,총생활인구수,총생활인구수,총생활인구수,총생활인구수,총생활인구수,총생활인구수,총생활인구수,총생활인구수,총생활인구수,총생활인구수,총생활인구수,총생활인구수,총생활인구수,총생활인구수,총생활인구수,총생활인구수,총생활인구수,총생활인구수,총생활인구수,총생활인구수,총생활인구수,총생활인구수,총생활인구수,총생활인구수,총생활인구수,총생활인구수,총생활인구수,총생활인구수,총생활인구수,총생활인구수,총생활인구수,총생활인구수,총생활인구수,총생활인구수,총생활인구수,총생활인구수,총생활인구수,총생활인구수,총생활인구수,총생활인구수,총생활인구수,총생활인구수,총생활인구수,총생활인구수,총생활인구수,총생활인구수,총생활인구수,총생활인구수,총생활인구수,총생활인구수,총생활인구수,총생활인구수,총생활인구수,총생활인구수,총생활인구수,총생활인구수,총생활인구수,총생활인구수,총생활인구수,총생활인구수,총생활인구수,총생활인구수,총생활인구수,총생활인구수,총생활인구수,총생활인구수,총생활인구수,총생활인구수,총생활인구수,총생활인구수,총생활인구수,총생활인구수,총생활인구수,총생활인구수,총생활인구수,총생활인구수,총생활인구수,총생활인구수,총생활인구수,총생활인구수,총생활인구수,총생활인구수,총생활인구수,총생활인구수,총생활인구수,총생활인구수,총생활인구수,총생활인구수,총생활인구수,총생활인구수,총생활인구수
11110,6157755,8030175,8477909,8633150,8462751,8704143,7413691,6424942,8425987,8590897,8391142,8479257,8517809,7275986,6243057,8345164,8507851,8486642,8637276,8192731,7258999,6274275,7884293,8389733,8474601,7415959,5179337,4845802,5190809,5813213,7798465,8494796,8568730,8707424,7457686,6316164,8456029,8382308,8539079,8527192,8244922,7530980,6519422,8342730,8660811,8648342,8666591,8369568,7559361,6415091,8361957,8445356,8457409,8604078,8680240,7978155,6721987,8470847,8638672,7437103,8267254,8617389,7610212,6513112,8429419,8597095,8775325,8984605,7847040,7621858,6578947,8561798,8802610,8797022,8984605,8803555,7470982,6578947,8561798,8515866,8783801,8831352,8704083,7468388,6528293,8577523,8758227,8731974,8739331,8591687,7187963,6440529,8523444,8710924,8535185,8526199,8746304,7365863,6525604,8623944,8435473,8830145,8786111,8549974,7358871,6493974,8510609,8422016,8846729,9010822,8887237,7456292,6762633,8665596,8793267,8960438,9003074,9034428,7666942,6915190,7608603,8618291,7644494,8199830,7112004,6689749,6335027,8456109,7285369,9041498,9314361,9391741,7591873,6905834,8830691,9047372,9098641,9228094,9244391,7848782,6916428,8821457,8985575,9281810,9255006,9148207,7734758,6760030,8717419,9151118,9242079,9196005,9119285,7592281,6791307,8556465,7504201,8713271,9291862,9072939,7677965,6943376,8809178,8971372,9589116,8918945,9638550,7210250,6411786,8273861,8600988,8878191,8602112,8674883,7273980,6485917,8418209,8571015,8728773,8446719,7856684,7180936,6216798,8366647,8630080,8672231,8627980,8482992,6973193,6288616,8226871,8646837,8662560,8689300,8568554,6961287,6357834,8401249,8598426,8672270,8577353,8450567,7047318,6125649,8268631,8550656,8601621,8513072,8360949,7011683,6384147,8017426,8328189,8291807,8267448,8086729,6562067,6083920,7877555,8151390,8199746,8291003,8157379,6881930,6337815,7856344,6599516,8415283,8550926,8621708,7264393,6340912,8352477,8569608,8457830,8462694,8637418,7331024,6494394,8373404,8622442,8780663,8774627,8714779,7345866,6585577,8542102,8727268,8736844,8813914,8769827,7391811,6655531,8521600,8763744,8776406,8799266,8750168,7425109,6610338,8553216,8686052,8860271,8821549,8773490,7489684,6545328,8463492,8713065,8798877,8790716,8607749,7198542,6312074,5731970,5250528,5017629,5850092,6150853,6751450,6621725,6807250,8454018,8725489,8846989,8970447,7667355,6853117,8766625,8913201,8920737,8975998,9117221,7695799,6862621,8621271,8860907,8959183,8924584,8955534,7688466,6815514,8607235,8818759,8940959,8832466,8789797,7686500,6823659,8638200,9013129,8888318,8920771,8714624,7598142,6794574,8538599,8803512,8725367,8665982,8647550,7336979,6563164,8521668,8735829,8671908,8635073,8709255,7387470,6763701,8489456,8749786,8774688,8700900,8686849,7401951,6617598,8491745,8733136,8863004,8880178,8822136,7570268,6671433,8543769,8643377,8787965,8858326,8908567,7662208,6780564,8517348,8830074,8865177,8817970,8890806,7562219,6869721,6953973,8370097,8581098,8619658,8329763,7048053,6653557
11140,4600891,7445179,7947516,8005278,7921036,8184944,6000034,4981326,7978005,8126239,7856334,8016462,8078970,5855503,4967032,7888377,8127898,7942170,8173805,7652819,6094233,4948537,7389875,8023835,8152458,6820716,3898117,3526371,3923311,4427786,7262111,7955518,8002368,8091699,6133854,4858962,7958421,7798953,8033896,8061375,7742388,6169091,5081261,7821263,8142889,8091350,8189009,7868579,6402010,5001101,7925787,8118413,8100679,8163138,8217924,6551392,5208736,8085952,8307752,6341105,7848003,8116852,6350491,5014043,7935415,8176322,8204801,8253605,6885422,6239096,5036537,7956691,8293256,8233684,8253605,8217402,6204523,5036537,7956691,8004480,8203056,8250282,8111660,6193622,5009705,8074218,8240325,8193385,8425723,8320773,6112567,5029717,8151202,8387971,8131511,8107772,8253016,6045642,4977622,8141519,7941740,8383388,8366565,8018037,6104332,5095005,7958997,7956773,8318570,8570886,8417993,6261751,5354271,8234337,8463946,8496254,8530570,8606077,6504106,5339047,6295857,7971441,6208647,7646087,6162327,5585876,4863645,7924655,6178819,8458957,8712259,8630257,6322367,5334542,8307658,8667769,8643524,8674464,8611849,6589230,5478457,8316066,8622653,8749862,8835192,8612920,6439878,5325621,8211530,8659273,8711124,8600215,8617785,6385004,5323670,8123958,6538340,8153506,8780256,8702002,6653479,5468780,8320894,8621402,9161383,8509257,9347131,5938624,4958176,7712308,8019726,8208329,7846803,8198213,5919977,4958885,7905137,8080880,8256674,7967661,7179653,5928698,4773628,7851139,8162500,8157733,8164706,7955728,5740213,4905384,7691153,8169205,8098138,8171822,8057241,5943919,4976674,7858638,8149230,8139383,8156147,8043029,5728254,4773048,7811596,8143936,8126961,8218974,7957245,5878528,5117363,7708036,8019017,7796276,7967744,7864859,5553051,4822987,7118770,7349327,7306734,7446823,7521106,5572304,4942910,7364096,5494642,7892518,8127133,8068540,5983690,4941639,7979088,8147565,8025462,8063607,8208147,6077599,5061515,7932642,8274791,8246440,8305139,8195178,6165279,5160522,7980260,8243191,8221114,8300206,8245486,6047933,5163166,7967744,8285068,8278064,8311577,8206152,6122134,5115530,8064099,8222404,8324062,8411872,8331732,6107310,5133633,8172049,8327638,8344103,8371824,8110960,6291704,5309323,4954195,3974492,3627723,4345758,4749568,5201501,5076791,5506371,8006950,8139708,8335834,8534407,6409089,5381337,8257403,8519432,8529735,8605532,8529127,6515039,5385399,8274835,8523962,8493305,8455537,8406751,6414464,5397602,8140524,8369581,8402930,8460232,8340871,6377884,5387905,8114739,8398608,8274484,8330690,8199228,6294583,5417739,8011558,8279986,8218075,8240551,8170868,6073912,5252090,7988788,8260061,8169849,8196601,8157683,6111015,5372117,8023889,8292361,8241129,8251904,8207446,6201324,5322176,8044033,8243365,8288369,8347236,8310072,6300170,5273039,8009212,8183863,8253124,8310596,8323044,6329921,5348722,7841014,8155088,8153660,8166306,8184481,6361531,5507536,5909933,7841951,7962623,8052033,7807279,5610877,5049247
11170,6880765,7207962,7322713,7333636,7310499,7544256,7336887,7076686,7370485,7344950,7278566,7323046,7463726,7246423,7019238,7274245,7350076,7311443,7411626,7343072,7302581,7032370,7183986,7370580,7309338,7047237,6166199,5927239,6175032,6540439,7147790,7286418,7318937,7434006,7324224,7066911,7248697,7214272,7324105,7324378,7352256,7330736,7123941,7230726,7403003,7373213,7366230,7403244,7396123,7094616,7250398,7316050,7383970,7334384,7556921,7410130,7112369,7279668,7501900,6957749,7187829,7378666,7243304,6961586,7276065,7332782,7349896,7345385,7020939,7395030,7009773,7273373,7333353,7323996,7345385,7485400,7334848,7009773,7273373,7284657,7400075,7424733,7518211,7320839,6999267,7303867,7360721,7353811,7422105,7437101,7163241,6873233,7271704,7310548,7339524,7311274,7426155,7162600,6875904,7284954,7233167,7281239,7296534,7307943,7104215,6907527,7212376,7162494,7316884,7424261,7378553,7143542,6925553,7247787,7261953,7246888,7262331,7468000,7038789,6740943,6640199,7086641,6745579,6955326,6747968,6571992,6599560,7100468,6740554,7268214,7368594,7484793,7171628,7095751,7384724,7396681,7524671,7489013,7548120,7495532,7148144,7227407,7240343,7472427,7548788,7640365,7454282,7082075,7298246,7406344,7420592,7412747,7524070,7282523,7029633,7281838,7231193,7358124,7617284,7600444,7321773,7097783,7399732,7163247,7537667,7282645,7714184,7136937,6901803,7189927,7274831,7324860,7260106,7479662,7190479,6904451,7283577,7274315,7329516,7269775,7094177,7138771,6835505,7188534,7261424,7314724,7325936,7385375,7032208,6873542,7180190,7243931,7242469,7290873,7379874,7059813,6887612,7163227,7236146,7277588,7258805,7285712,7000865,6728920,7096804,7193955,7213469,7245726,7309656,6960377,6807311,7044516,7124673,7178597,7193853,7229315,6895862,6756876,7091471,7083792,7176975,7204732,7300295,6917011,6716287,7014464,6657667,7187784,7253247,7281801,7025055,6808081,7094771,7247079,7195241,7187138,7412761,7215998,6895599,7130055,7194211,7243400,7262860,7394244,7106342,6952799,7205413,7183671,7283694,7314670,7368914,7149224,7005553,7162968,7204871,7272154,7311046,7413671,7231276,6922033,7247090,7314386,7349479,7380098,7475644,7216738,6952777,7293273,7373273,7393674,7377747,7393035,7492306,6669734,5782764,5774882,5508461,5729195,6157781,6492766,6740971,6673067,7150848,7250112,7342602,7512061,7658128,7381131,7455818,7446137,7458349,7502953,7600090,7462608,7281310,7354464,7467921,7497113,7555334,7695992,7829279,7549500,7404054,7523128,7493643,7424953,7566401,7411793,7265713,7402338,7481379,7488093,7466785,7491979,7470563,7230098,7350886,7426918,7382921,7386586,7480643,7340452,7146454,7356126,7397968,7383970,7429560,7517894,7399329,7257463,7372909,7378489,7416492,7426606,7552817,7401996,7248054,7383989,7372678,7366545,7399708,7511572,7433010,7172683,7327459,7384614,7454947,7470744,7577759,7511650,7248093,7290485,7413913,7474153,7464407,7573465,7462923,7330048,7240867,7318592,7355912,7369936,7412229,7104465,7050947
11200,7581365,8206665,8286216,8275840,8248298,8271866,7947649,7670806,8291760,8327799,8307305,8297679,8335653,8035427,7800051,8302495,8321979,8303366,8353374,8330242,8153730,7800181,8335725,8413364,8342282,8074092,7189947,6956846,7021177,7512172,8233538,8354036,8346391,8367260,8049934,7833939,8393713,8342624,8368967,8372412,8364518,8095962,7856217,8366222,8411799,8391134,8420751,8399625,8096165,7808915,8360610,8339575,8381084,8348807,8361808,8100621,7811551,8419265,8422464,8067263,8468366,8481815,8090259,7901009,8523625,8506856,8571332,8571226,8412861,8256793,7866524,8515264,8565261,8567513,8571226,8527806,8189273,7866524,8515264,8558495,8563018,8560439,8524146,8159246,7898849,8548908,8545513,8579682,8565253,8485402,8074327,7896939,8552279,8512832,8603051,8561317,8584967,8131192,7851681,8520074,8496552,8570356,8523661,8520271,8051050,7882181,8549837,8465108,8510351,8549249,8391588,8066557,7776150,8407977,8393006,8389303,8327676,8401283,7822095,7428062,7859001,8211490,7638087,7804511,7265100,7204597,7461449,8364566,8194757,8427816,8423404,8470504,8132322,7867832,8475809,8526678,8531251,8528475,8526843,8144267,7825091,8484010,8479235,8446574,8633338,8643705,8242634,7853623,8513724,8600205,8529623,8472671,8473086,8090131,7775882,8383189,8091827,8514954,8557907,8574740,8185480,7861517,8563243,8196383,8592015,8438021,8652442,8054482,7865664,8462722,8462537,8466771,8394473,8420714,8058466,7823840,8406716,8400040,8400011,8356955,8236351,7942877,7792666,8416419,8487269,8485294,8438751,8365180,7959083,7755141,8410738,8399834,8383105,8327693,8309814,7895384,7738130,8367023,8377162,8370788,8308551,8242840,7868502,7661693,8256762,8283713,8220319,8110422,8178989,7707928,7460089,8035188,8129018,8056475,8099712,8027411,7680292,7690747,8171022,8099831,8247964,8257699,8190722,7667298,7442738,8056661,7801654,8292671,8303211,8305478,7879108,7805252,8332602,8251095,8304463,8358327,8362947,8024131,7740755,8357399,8359900,8404385,8421939,8419007,8061805,7881435,8493596,8444105,8507840,8533190,8506128,8100695,7894082,8529111,8485762,8523457,8493775,8484024,8068636,7833405,8505108,8508200,8541342,8507970,8558725,8181933,7920554,8533741,8518624,8514218,8579355,8520389,7964745,7060761,6650511,6827430,6563575,6423524,6802410,7232560,7515419,7928520,8505364,8555955,8575240,8638063,8302511,8097792,8708085,8683336,8616124,8622687,8604042,8319330,8055449,8605910,8634549,8633395,8616896,8601811,8280762,8031117,8616844,8596361,8624850,8579708,8578409,8235828,7992444,8581502,8550588,8659240,8612961,8576588,8244824,7925622,8605126,8643165,8591667,8567551,8593293,8235048,8023030,8611583,8632551,8618237,8658598,8664451,8343233,8062158,8673236,8635946,8648388,8654152,8642227,8339865,8298351,8658588,8678527,8682424,8680382,8678376,8357902,8135489,8623310,8676347,8665216,8682894,8675397,8422579,8164767,8649301,8661072,8733015,8620458,8591463,8213776,7860865,7968000,8533671,8536840,8521922,8459624,8014958,7693730
11215,9254828,8984139,9005627,8999333,9050827,9104979,9490682,9393498,9073888,9029483,9057323,9103238,9129731,9342883,9320679,8983700,9014385,9022275,9050249,9067528,9406682,9384572,9008143,9006759,8938902,8894544,8337545,7849267,8207113,8927034,8983687,8973938,9032412,9055740,9475221,9402148,9033858,9049127,9046945,9052574,9057938,9437762,9438508,9044718,9001952,9028599,9034180,9085633,9408635,9294476,9049000,9050635,9097578,9019271,9064826,9486979,9354803,9046071,9066094,9381923,9158783,9182012,9436301,9404280,9159061,9180850,9144044,9108811,9228644,9545013,9413734,9176267,9150927,9130183,9108811,9209424,9555729,9413734,9176267,9186366,9193739,9161543,9187637,9454871,9376756,9128784,9117839,9091619,9162697,9140644,9363335,9567361,9161951,9125266,9154092,9192771,9231117,9572374,9564477,9242766,9208423,9164123,9138799,9157824,9452589,9443084,9144689,9083104,9051076,9023415,8864363,9262939,9134169,8930429,8889870,8693164,8723712,8988018,9055034,8908146,8996137,8936120,9040837,8782668,8805311,8493958,8818461,8880813,9179926,8940470,9006579,8999596,9265561,9313720,9217349,9217986,8945999,8902664,9011088,9467255,9258203,8999651,8939628,9023320,9067691,9052398,9291385,9227279,8940939,9031972,9042441,9050170,9106824,9316260,9174162,9044214,9269849,8984943,9010071,9025765,9347754,9258447,9015394,8552914,9037729,8992193,9031941,9339439,9231465,9090414,9078335,9013091,9029147,9005136,9282617,9161302,8925548,8837108,8839906,8888984,9009928,9211348,9173602,8986909,8900147,8789450,8841746,8915745,9129658,9185185,8972199,8934621,8924072,8924816,8942704,9228182,9163154,8920807,8934504,8958425,8848369,8895944,9183294,9058202,8837063,8830169,8798504,8757361,8744447,9019996,8830882,8699277,8666896,8757274,8691872,8637364,8685076,8794853,8699025,8708498,8799533,8845851,8805025,8972504,8792565,8762990,9042166,8865001,8905208,8921700,9210722,9173230,8922969,8917399,8890670,8903479,8990288,9358229,9212918,9055339,9087354,9109462,9092303,9062572,9372630,9343641,9043996,9046817,9038770,9086470,9066933,9376227,9359326,9078868,8981807,9062355,9090591,9119638,9384573,9255014,9091775,9059379,9115389,9050947,9107235,9320395,9315726,9081151,9057972,9116680,9086825,9191146,9384634,8341477,7776017,7900713,7443503,7635548,8147480,8623567,9068075,9328631,9109821,9101450,9099046,9228464,9710675,9648244,9299449,9254631,9200512,9228917,9309792,9569198,9561970,9214076,9206908,9228559,9283645,9357037,9671989,9596072,9293791,9268836,9251182,9217239,9286026,9592595,9568298,9277023,9216514,9196455,9234897,9280210,9556993,9479128,9304525,9263157,9272263,9280366,9279812,9533286,9484275,9310636,9323057,9298357,9331748,9365498,9625076,9568949,9356044,9250932,9304891,9345494,9342046,9685983,9677015,9352260,9356007,9297428,9335561,9401420,9775072,9718870,9361378,9318459,9367007,9326937,9368298,9731067,9604947,9213867,9177461,9212091,9215326,9332881,9573576,9481728,9586607,9263104,9237395,9243430,9320159,9398639,9259266
11230,8551156,8840046,8887863,8907666,8885816,8892377,8859476,8876561,8981969,8915631,8905537,8918061,8862538,8859603,8853528,8888233,8894801,8912383,8900328,8833992,8912966,8882983,8860560,8861797,8824006,8642039,8156472,7870802,7966197,8353665,8725237,8818638,8833867,8827494,8898498,8843689,8887658,8869255,8883209,8856935,8807419,8852178,8851331,8849526,8814416,8970830,8883810,8837635,8849588,8822122,8871841,8860193,8884310,8889965,8843633,8978947,8913370,8993111,9070154,8974671,9204304,9158198,8984057,8962205,9206623,9216049,9220693,9202377,9073662,8992663,8944873,9208123,9180765,9235473,9202377,9140061,9000673,8944873,9208123,9176490,9225132,9216886,9095193,8924985,8876631,9228044,9217222,9180984,9184960,9091000,8839257,8745794,9147081,9168262,9178123,9179815,9041159,8825642,8810780,9188351,9163722,9182697,9125060,9067715,8857582,8797891,9152401,9140049,9227194,9209091,9042040,8841012,8822502,9164498,9187888,9161439,9124540,9069070,8713387,8549771,8914631,9032591,8553721,8664492,8247038,8309660,8610925,9199717,9152400,9169947,9180023,9108340,9075556,8987675,9274333,9242564,9169383,9119036,9201993,9094006,8934854,9279915,9311423,9406903,9315143,9272743,8994662,8855845,9215999,9262248,9284532,9285537,9195070,8912421,8833036,9167156,8970565,9238457,9434286,9269452,9024527,8937425,9314094,8830262,9206491,9133240,9095418,8875759,8850758,9097551,9077936,9034183,8995946,8888298,8760659,8770341,8938012,8855603,8846917,8866668,8850210,8700052,8775996,8972931,8936854,8899813,8858335,8878135,8795087,8804630,8968991,8914918,8863390,8865582,8816599,8807599,8755277,8905340,8914151,8885565,8837060,8726912,8709684,8701096,8857331,8843908,8774021,8749068,8690294,8529535,8464121,8648519,8631343,8659792,8579923,8427318,8194766,8377789,8448656,8567151,8622524,8658659,8586506,8393020,8298574,8563392,8558429,8769379,8772175,8782821,8726337,8685474,8861600,8821816,8811941,8784465,8811794,8708455,8622161,8879278,8874861,8912400,8891608,8975691,8784403,8775768,9107150,9156507,9172377,9178048,9040408,8807334,8791190,9204338,9108736,9160198,9151062,9060638,8793657,8746230,9156716,9161278,9148701,9113578,9011656,8799683,8794546,9136368,9109613,9185094,9174972,9052973,8901642,8102626,7609828,7836715,7412760,7195762,7588278,8005398,8435868,8831850,9148667,9150638,9131395,9186096,9306748,9306557,9425517,9319402,9267733,9281848,9191132,9051677,9034116,9320774,9297863,9283201,9284917,9206636,8947566,8988973,9306825,9305968,9338959,9319029,9222348,9020330,9006411,9309619,9279376,9320218,9304202,9203265,9006952,8997778,9325213,9322838,9317655,9316607,9238658,9042624,9053924,9330610,9348857,9353871,9333280,9250604,9201680,9174722,9364099,9366474,9375431,9346668,9226808,9240320,9236794,9331918,9366640,9399058,9390343,9286396,9292702,9310775,9346675,9339241,9364023,9396217,9323325,9276030,9274131,9340153,9303580,9337127,9344001,9222817,9147248,8977924,9042728,9104410,9066414,9076795,9060412,8907781,8754310
11260,9357680,8828459,8709498,8696887,8746548,8643450,9051336,9327962,8735292,8694139,8755189,8697630,8673749,9128839,9424737,8731721,8650101,8703694,8639718,8835191,9157530,9382927,8919423,8737952,8728156,8911863,9255855,9186100,9245925,9372280,8902643,8763019,8770131,8712485,9153932,9436549,8755187,8767077,8679972,8685385,8754962,9090211,9364972,8798822,8673763,8694605,8675981,8738295,9042660,9335490,8737981,8664317,8695128,8662697,8648236,9047622,9263976,8687100,8541258,9122510,8697353,8616222,9099927,9388237,8711217,8602751,8580861,8564360,8939597,9020218,9244039,8669640,8584804,8576814,8564360,8602841,9031805,9244039,8669640,8634756,8577771,8559811,8586418,9007252,9235576,8624712,8549350,8524173,8484596,8563540,8933327,9070102,8578320,8475796,8535480,8574660,8475272,8787562,8999758,8556086,8583720,8399335,8391047,8510754,8827445,9077410,8637521,8574374,8504146,8519779,8416753,8780236,8939851,8511668,8462617,8220505,8298773,8353011,8638187,8826490,8747391,8480673,8691848,8375023,8524448,8606031,9034795,8634975,9122841,8515190,8480082,8527614,8898930,9070747,8601003,8574719,8534687,8531767,8612991,9078808,9325569,8660877,8502293,8515530,8594842,8498122,8828572,9061706,8592174,8543465,8473091,8467182,8491584,8813124,9085048,8504801,8742799,8575552,8500508,8691345,9147194,9297559,8914207,8245707,8262385,8492225,8208527,8910581,9167535,8732129,8631841,8570340,8684023,8606531,8995659,9262803,8752729,8675672,8632797,8723256,9006846,8980870,9409940,8831726,8725246,8670161,8651234,8695194,9117245,9305839,8854558,8686779,8657704,8613092,8565552,9058938,9286641,8714114,8677077,8688296,8623103,8645493,8998197,9305559,8751490,8664281,8582565,8518906,8504506,8748151,8962601,8558537,8465935,8533455,8473738,8372527,8649575,9047255,8615792,8566486,8670954,8656840,8562552,8764292,8884428,8681052,9175039,8706626,8682792,8628074,8968574,9358648,8782306,8666359,8743715,8751302,8656067,8948781,9121551,8728242,8649782,8642817,8673895,8649714,8977816,9249042,8756603,8659643,8676779,8671030,8633399,8940765,9181908,8847125,8619343,8685976,8662221,8662466,8901254,9210801,8740026,8660380,8652153,8630119,8654670,8946170,9207188,8750821,8679260,8686745,8634653,8681650,8980884,8463540,8072891,8881562,8637761,8266020,8541619,8770356,9121632,9241727,8736009,8732027,8651932,8561139,8902402,9195556,8661696,8533293,8479971,8538208,8572456,8901985,9107473,8626872,8538644,8548244,8561904,8581250,8841780,9151585,8659214,8582229,8575302,8561018,8599697,8870466,9139999,8661530,8540017,8550497,8561390,8609570,8855640,9076227,8684905,8628330,8610317,8651134,8627221,8983225,9276306,8706940,8646837,8638271,8668769,8656031,9034208,9252316,8753413,8620201,8651254,8659485,8682778,9076873,9399508,8772606,8672331,8677584,8695570,8682297,9087847,9391433,8778262,8706501,8697648,8670193,8678137,9120942,9408168,8803486,8701256,8757098,8683026,8653275,9101855,9272139,9392222,8783417,8753069,8738852,8784130,9190598,9251655
11290,10507790,10186009,10141767,10148778,10183915,10101856,10332918,10656096,10200083,10181935,10272088,10218223,10116953,10433228,10691283,10229089,10186521,10201205,10144389,10217801,10471860,10721316,10346245,10188357,10096427,10046196,10057803,9917534,9890287,10314488,10207167,10173560,10189917,10108341,10467254,10762884,10243476,10225333,10220692,10148117,10287364,10504029,10701012,10273898,10193515,10212253,10215178,10260676,10415746,10650253,10264133,10242016,10340698,10288433,10181677,10540111,10669139,10267243,10238761,10713702,10771114,10588442,10645052,10957689,10737986,10744353,10737060,10696047,10855438,10532381,10766470,10697781,10703623,10717459,10696047,10544927,10571557,10766470,10697781,10715725,10679485,10619842,10485910,10454625,10697392,10689317,10649910,10674423,10552349,10435309,10380053,10519898,10575785,10558751,10683407,10676294,10433836,10321254,10518880,10584108,10632500,10605659,10601022,10505696,10412458,10603589,10652973,10673348,10651444,10638185,10424938,10518283,10613532,10521822,10497735,10294667,10334887,10377494,10434409,10399240,10876489,10732812,10541769,10244814,9908762,9951854,10539479,10829429,11119743,10889049,10869084,10718164,10805649,10896632,10884594,10924996,10860992,10754786,10722653,10858654,10983439,10976748,11106618,11132495,11275153,11370945,11256151,11310265,11315977,11433659,11400731,11356678,11213670,11112501,11205055,11163075,11180009,11342193,11386297,11281758,11335056,11410660,11348437,10620187,10596578,10506639,10400179,10505954,10740358,10645019,10638759,10458662,10360935,10231429,10362613,10632860,10294020,10221383,10160048,10244384,10396440,10320450,10663306,10364987,10280912,10233949,10200347,10169509,10369991,10611249,10398889,10228148,10242287,10182404,10028971,10260152,10554544,10279509,10264137,10257859,10141092,10233109,10354027,10598722,10163698,10163768,10055952,9999997,10066557,9937918,10229861,10003047,9974821,9988955,9952573,9839622,9886269,10224660,9882987,9853787,10000889,10070999,9929627,9943890,10073898,10031569,10391723,10184769,10201218,10118451,10176656,10524303,10250168,10223113,10285786,10266698,10179685,10379250,10525617,10358824,10322888,10342757,10367640,10389523,10391346,10623868,10606199,10710443,10668142,10670986,10535704,10478690,10686148,10766788,10671974,10739995,10685228,10532718,10459125,10672882,10711826,10710174,10787141,10652988,10455314,10526609,10734236,10703831,10684171,10762045,10645649,10512366,10296150,9523534,8971001,9594173,9334635,8952867,9345183,9742315,10348460,10742848,10749246,10796700,10684032,10750423,10799281,10992525,10807571,10850649,10814231,10736525,10617815,10681533,10902661,10823195,10776016,10806916,10769795,10651383,10655408,10796171,10790024,10791339,10806869,10771531,10625958,10546462,10819916,10777096,10782894,10851451,10777375,10701620,10672530,10802825,10822087,10841563,10829514,10805446,10653572,10683694,10881684,10863951,10866491,10896204,10840580,10714515,10827230,10980128,10867905,10831029,10892467,10914008,10753903,10873239,11072409,10897513,10885780,10886296,10834786,10726326,10865537,11158401,10909052,10896956,10968361,10743397,10707811,10889213,11120342,10828528,10735966,10798888,10622267,10505961,10577554,10692800,10737007,10445007,10407150,10365566,10341197,10482572,10428708
11305,7972139,7489090,7406804,7365661,7382658,7340225,7713227,7956655,7397323,7366590,7402443,7368291,7353891,7693429,7954314,7402186,7384226,7376890,7336283,7460019,7745025,7986918,7525765,7374693,7352611,7510335,7921914,7959990,7868542,7924870,7570450,7449172,7430417,7473639,7768777,7995199,7441363,7463826,7363963,7370075,7462208,7704154,7937138,7429228,7351398,7344480,7344832,7395814,7648039,7889907,7398015,7388030,7382662,7339682,7340759,7674461,7926986,7359629,7281671,7741705,7438058,7361291,7668430,7955397,7395398,7354783,7304633,7291704,7616244,7643880,7921181,7371289,7302538,7296583,7291704,7301099,7643347,7921181,7371289,7318006,7279173,7287013,7312534,7652464,7902659,7347290,7314527,7315600,7302856,7354887,7665933,7801886,7338350,7289566,7350836,7354540,7265288,7550017,7782120,7305549,7374781,7231395,7195044,7323549,7560524,7772356,7366163,7393491,7325335,7277078,7297240,7579293,7704566,7226984,7230929,7103944,7081305,7133242,7349345,7466028,7371360,7118311,7471877,7092775,7213885,7289063,7637852,7294327,7713114,7236004,7156349,7193270,7550516,7752055,7296973,7201432,7150548,7124634,7182389,7577992,7759698,7291608,7221241,7202674,7097853,7119211,7440936,7718657,7274601,7285391,7261502,7222210,7241464,7523849,7721916,7245356,7441949,7307378,7200443,7216836,7660351,7820184,7372524,6862799,6988437,7019477,6910452,7585633,7808333,7424818,7372308,7276462,7367162,7313088,7656170,7906218,7430993,7361930,7324839,7395561,7579559,7614333,7920532,7492398,7407349,7343047,7348103,7378045,7696166,7864523,7480245,7330168,7313904,7260954,7313292,7674305,7813873,7347848,7358991,7351426,7312515,7275346,7578715,7847842,7343282,7271596,7211940,7182975,7101388,7500783,7493377,7264488,7228499,7191274,7138958,7113701,7397358,7659460,7317874,7292750,7347871,7259308,7220530,7398186,7562736,7314636,7694259,7331512,7320724,7301419,7579274,7851966,7399035,7322251,7339679,7366731,7287437,7555665,7699753,7329728,7303037,7295511,7273284,7288397,7581721,7816871,7330301,7339617,7314187,7273231,7191028,7489304,7688293,7352798,7210860,7219240,7201648,7247716,7505461,7691166,7275193,7226334,7231284,7175820,7207267,7477429,7722253,7291037,7230318,7249178,7189953,7239347,7504490,7068520,6749490,7576317,7467047,7102507,7173340,7368503,7690616,7764078,7349975,7375662,7314688,7209193,7542462,7738618,7345904,7219170,7204149,7207314,7241169,7470297,7730061,7269442,7224500,7210979,7193241,7228224,7462390,7705566,7281799,7237459,7237977,7213877,7227491,7512512,7692007,7290311,7203931,7225875,7209964,7231859,7428511,7661964,7289509,7230408,7230958,7216845,7240162,7548863,7751647,7290414,7249200,7241763,7271596,7240160,7582214,7789064,7312719,7270900,7264556,7201184,7286377,7595995,7852077,7317111,7259588,7299044,7271027,7276206,7627229,7921683,7351652,7307001,7242810,7356362,7296328,7641687,7875228,7411073,7334309,7376450,7319351,7348296,7640346,7851875,7839183,7396772,7352741,7334404,7383263,7720053,7785744
11320,7754913,7226463,7143193,7137476,7136328,7081118,7371601,7676164,7163164,7117679,7174920,7183051,7112201,7408051,7679110,7176729,7119910,7132608,7092611,7193289,7426592,7681042,7251685,7103821,7123069,7229079,7590815,7681621,7585885,7634226,7244452,7173796,7171928,7137047,7413522,7707865,7151120,7159836,7085082,7046497,7096690,7346445,7667110,7162736,7062883,7063555,7035830,7141471,7368600,7685119,7198876,7128561,7118321,7111813,7073181,7329832,7672076,7125374,7083524,7537147,7189938,7152655,7442038,7715954,7189964,7136309,7151737,7095556,7372351,7410650,7721815,7189791,7120855,7099090,7095556,7083989,7390144,7721815,7189791,7206693,7162741,7082084,7097228,7387730,7691737,7177289,7153308,7111793,7123954,7119393,7376676,7619744,7158724,7075402,7093210,7066042,7013123,7310840,7600297,7123230,7141620,7061021,7090298,7120027,7316379,7595230,7172400,7145862,7074628,7096172,6797821,7052257,7548534,7117156,7074165,6926417,6913567,6956619,7164140,7368276,7266281,7011850,7217273,6893498,6994692,7117259,7526469,7165761,7517524,7078583,7012712,7040104,7274082,7562580,7101035,7051898,6972710,6912574,7091613,7388598,7605831,7155825,7054955,7053680,7126567,7135007,7420783,7728911,7221929,7078889,7076318,7182150,7246405,7487010,7780969,7266191,7439054,7294806,7314281,7250933,7484161,7786736,7343200,6715926,6942169,7147382,6963395,7400141,7707294,7287780,7233663,7164638,7297830,7158785,7418654,7706345,7240698,7190361,7129727,7083187,7338995,7474806,7751828,7306130,7224856,7187482,7132054,7200897,7407197,7751227,7333142,7200022,7152145,7148398,7101624,7418012,7686803,7243621,7218021,7248753,7189919,7208401,7484862,7736362,7253994,7209282,7147060,7104306,7103033,7337227,7583291,7108342,7062514,7108996,6985626,6905525,7114306,7442606,7041837,6968963,7051424,7029966,6943793,7162807,7338315,7018267,7432492,7190667,7191232,7126607,7366483,7667223,7229602,7175756,7211799,7201734,7129514,7373330,7605105,7189294,7114090,7089390,7178235,7168397,7419386,7737280,7211954,7197496,7193825,7208988,7127566,7373784,7677202,7270770,7143122,7188741,7154547,7130584,7368339,7670572,7224194,7192427,7155782,7105744,7101667,7337581,7636833,7193073,7166919,7166116,7123120,7163050,7355772,6938818,6651120,7428353,7371499,6976267,7045604,7225082,7547796,7570770,7197669,7195292,7181963,7106549,7313128,7569567,7051651,6970685,6907795,6955957,6955615,7215036,7465026,7032952,6986885,6950210,6928453,6957344,7186751,7445260,7001457,6967317,6959996,6988276,6973925,7200914,7479262,7053256,6996484,6994090,7056417,7005260,7212216,7503503,7104465,7066897,7060210,7041146,6998304,7283396,7551377,7132315,7104819,7092193,7122186,7157484,7338653,7614429,7169305,7081584,7110782,7096732,6931816,7393466,7657296,7148487,7114839,7097995,7098101,7088267,7362244,7681127,7181911,7138890,7109284,7069057,7062683,7381868,7673704,7213277,7106647,7170535,7125687,7084210,7402061,7554358,7573786,7173287,7132445,7117754,7125015,7453181,7566654
11350,13519221,12956309,12867205,12816436,12864820,12754360,13273333,13586754,12824533,12782544,12888834,12841631,12774161,13400266,13645765,12863338,12787253,12844408,12724825,12931455,13426526,13692010,13028800,12821474,12779492,12915099,12829836,12357399,12766581,13458261,13027419,12931932,12908114,12894918,13517357,13794048,12932066,12987037,12898227,12869007,12832914,13423705,13670955,12929478,12838586,12871440,12771537,12800020,13190465,13542632,12824838,12835668,12836508,12712238,12679832,13142687,13469358,12786786,12794126,13479849,13138938,12964181,13413936,13775165,13071110,13050083,13017135,12980878,13290270,13252769,13617665,13049163,12965951,12998247,12980878,12842496,13228617,13617665,13049163,13016848,13008883,12935789,12840651,13179523,13489739,12996263,12909311,12982353,12860920,12805230,13091261,13294527,12902626,12870772,13007376,12969453,12741786,12927795,13231888,12889344,12950778,12840551,12811182,12816921,13032197,13328598,12931372,12904389,12830513,12810328,12623053,13019196,13156299,12715754,12690786,12390976,12412635,12451630,12597203,12707180,12884385,12595333,12583862,12113761,11998450,12187998,12950223,12886127,13439422,12709599,12436228,12511348,13023123,13239543,12770607,12729375,12738279,12733226,12967608,13257212,13368228,12841240,12827380,12809558,12655042,12593156,13044687,13368857,12897826,12872706,12815660,12857315,12816221,13065851,13318434,12880087,13037421,12993037,12897700,12875722,13218131,13479248,13095125,12219781,12640625,12766916,12457219,13080422,13406532,12964060,12857544,12898596,12652903,12728901,13183065,13552385,12862463,12812537,12746894,12793731,13001593,13093763,13534679,12913142,12788513,12792555,12707213,12773600,13218385,13517509,12950544,12748018,12724232,12727097,12673834,13142372,13436130,12819528,12737242,12716958,12607414,12520213,12897743,13254302,12576924,12545181,12441945,12350477,12302263,12604211,12760513,12264840,12230942,12216188,12215837,12141964,12488228,12934383,12433583,12404470,12568024,12471551,12405501,12661114,12806448,12565597,13087643,12658873,12648997,12580412,12964752,13368551,12739026,12652918,12686994,12688026,12633792,13020132,13204740,12855001,12810938,12776366,12632500,12613833,12937726,13258551,12785174,12796054,12791976,12823938,12795873,12915859,13194343,12973378,12775661,12822390,12738846,12724658,12921754,13264375,12878431,12827200,12837770,12710571,12696698,12875685,13208945,12879604,12799263,12832137,12764485,12819318,12934636,11950603,11331260,12092658,11540517,11498568,12036472,12494668,13077365,13394160,12999802,13055991,12868638,12797179,13104000,13336320,12865335,12795940,12780335,12720362,12640411,12901965,13210444,12807161,12743031,12697793,12654422,12624386,12826291,13194107,12803247,12754141,12751572,12661545,12660686,12905974,13201788,12823478,12729179,12826666,12637286,12669590,12882369,13121799,12841540,12759817,12746453,12664626,12647030,12938380,13228188,12854389,12820509,12844976,12784122,12744172,13018290,13343516,12903661,12734456,12780941,12760763,12887490,13205922,13492768,12842592,12836081,12812531,12737925,12689595,13114724,13517724,12865156,12838972,12836342,12717919,12699530,13130450,13442793,12885958,12766703,12885106,12720102,12705994,13073591,13204280,13277962,12777609,12726224,12691833,12717791,13132871,13086455
11380,11468097,10660870,10577099,10567290,10638727,10469314,11070900,11403008,10555827,10527565,10619086,10589668,10445864,11033973,11306462,10484297,10417609,10447357,10348839,10567586,10970052,11289345,10640121,10393960,10366074,10604645,11020417,10735310,10919673,11194482,10640667,10517497,10520117,10459914,11074323,11379051,10509180,10583376,10448238,10474552,10515712,10998815,11319999,10622544,10394518,10505121,10556631,10661064,11053768,11429613,10691091,10620069,10637593,10597869,10555628,11054859,11431360,10608826,10538837,11354524,10765616,10602499,11215341,11582255,10698736,10596423,10556061,10537621,11090493,11029749,11512663,10643781,10519802,10515547,10537621,10545951,11140129,11512663,10643781,10639101,10497000,10477956,10493857,11056263,11464430,10639465,10539183,10559945,10657062,10595442,11042799,11274842,10540269,10431650,10578469,10621795,10449541,10925652,11231901,10540097,10640303,10411670,10417300,10485872,10922583,11225912,10592468,10582921,10551765,10581126,10445748,10952613,11248200,10523910,10474028,10271459,10285417,10365702,10839765,11050066,10866441,10468156,10885654,10323564,10510099,10713409,11236628,10751744,11493299,10617825,10572888,10576675,11194549,11427649,10633287,10581475,10477827,10449890,10477980,11098673,11343151,10614515,10514526,10550831,10498040,10441970,11000951,11355409,10688690,10690754,10613041,10606826,10572751,11109341,11367747,10600497,10938798,10746395,10679595,10582667,11106469,11352930,10648881,9874585,9925749,10336676,10040623,10987390,11260995,10660606,10552509,10427971,10571622,10431227,10927616,11358096,10681257,10595289,10490116,10617031,10989970,11074965,11482050,10734352,10531539,10554994,10565526,10570803,11165994,11432242,10831507,10604759,10612993,10562431,10466317,11076014,11348540,10621177,10568991,10524193,10491836,10468866,10972735,11352769,10525579,10480441,10381163,10310610,10383746,10772110,10968195,10403111,10246440,10227797,10329072,10236223,10659743,11041617,10369717,10281629,10335114,10387157,10303080,10692739,10851028,10454494,11120808,10568658,10575868,10512328,10960218,11374284,10674740,10438179,10501097,10556836,10464236,10960404,11165643,10620110,10527733,10514766,10498231,10482823,10941360,11246773,10581002,10523504,10405391,10449488,10444592,10895944,11153851,10638866,10401369,10465577,10504862,10578780,10970241,11277690,10656151,10581017,10510465,10486369,10502207,10981699,11324306,10663144,10520846,10582353,10516756,10588500,10977317,10244786,9723243,10720192,10403876,10134839,10393261,10695900,11131371,11322759,10684153,10643102,10592887,10519938,11027701,11320308,10504340,10447932,10392015,10447398,10442956,10855984,11164498,10553292,10460232,10433072,10403068,10454059,10838818,11207569,10565868,10482776,10500833,10500929,10511484,10980391,11278700,10626999,10489875,10540680,10485090,10546103,10945528,11223972,10654123,10535767,10553460,10556518,10540760,11027651,11307235,10658013,10585376,10586816,10622760,10550971,11110761,11379174,10682683,10557623,10559780,10549315,10580940,11126050,11424325,10684993,10632173,10620519,10605426,10624783,11173628,11511638,10738063,10691634,10662887,10616793,10590418,11176076,11511297,10777776,10652915,10752155,10651235,10649195,11255289,11430158,11534238,10836704,10773362,10741629,10804768,11280395,11304737
11410,8307728,8518892,8526328,8557725,8542528,8539815,8432777,8499062,8533015,8589494,8573554,8568205,8602443,8646237,8667771,8629493,8611255,8613888,8608356,8551301,8630546,8615099,8601242,8609360,8561036,8350181,7820795,7561136,7680616,8145847,8505694,8622455,8644095,8607419,8600441,8612348,8629301,8650955,8659378,8661966,8616403,8549534,8611660,8660326,8794038,8773000,8601243,8556372,8460213,8447939,8542351,8593313,8589958,8534661,8540971,8448557,8515554,8735576,8619842,8590794,8885489,8885445,8630831,8636114,8962336,9026015,9035232,8960008,8887644,8676722,8597318,8994171,9050038,9021376,8960008,8869963,8635016,8597318,8994171,8994795,8983820,8987228,8813050,8551419,8526726,8919518,8948201,8975425,8820372,8778508,8532582,8422871,8895201,8958977,8955634,8987614,8839705,8546448,8493175,8929379,8980693,9000731,8964598,8828042,8501480,8489046,8896426,8857819,8944611,9023220,8860241,8594940,8595241,8965218,9061280,8930412,8938696,8910410,8635618,8524077,8850001,9082381,8554712,8719945,8121273,8059628,8377521,9096134,8987151,9221989,9290216,9180959,8997111,8842209,9275555,9397863,9332997,9309231,9232717,9215855,9001515,9234899,9403860,9486004,9459269,9278825,8959493,8842158,9200161,9357439,9204491,9237314,9155322,8828949,8694053,9077687,8907337,9107292,9361865,9063531,8942394,8900828,9129630,8696243,9022845,8829506,8736246,8424773,8456217,8745975,8771912,8792205,8683754,8626316,8554596,8488806,8663082,8637914,8605844,8606850,8609910,8519399,8496865,8736061,8746716,8708345,8700328,8603604,8523819,8501997,8709243,8688279,8594548,8611070,8608637,8504816,8452378,8645903,8578699,8535035,8491874,8417167,8307409,8261305,8477559,8523930,8446580,8431910,8292050,8144167,8176068,8350363,8480271,8467929,8329345,8240900,8052990,8267059,8373163,8348129,8447556,8469734,8353114,8124077,8063629,8284597,8300034,8498104,8650307,8502702,8395431,8419661,8549189,8606396,8508071,8464884,8482695,8306340,8268605,8520975,8552612,8615937,8644764,8704323,8384066,8437992,8840732,8927686,8988042,8936153,8815405,8444204,8466254,8913412,8878815,8899174,8853178,8714969,8381756,8312716,8776608,8836541,8853846,8815618,8639574,8392532,8391884,8803932,8874486,8887977,8838396,8706306,8222192,7495826,7072660,7321380,6999226,6881765,7303096,7646275,8029270,8336836,8795587,8939580,8884009,8928202,8726734,8664259,9071897,9013509,8911854,8956691,8872344,8573082,8628722,8971342,8913091,8941751,8941055,8835918,8608654,8544320,8930153,8997597,8997065,9001508,8930059,8620247,8542143,9013772,9085778,9072298,9070270,8958770,8677904,8551227,9059509,9111604,9067377,9070119,8977006,8726534,8669633,9083239,9159157,9109385,9139632,9084741,8928261,8707006,9085145,9109712,9157233,9159115,9044182,8874740,8878870,9134294,9197748,9195725,9226535,9136087,8910426,8863986,9190627,9198635,9166917,9196899,9083158,8905938,8827213,9071953,9064038,9120117,8997642,8969573,8754229,8613477,8681017,8806131,8849761,8835058,8756862,8483403,8284667
11440,10991711,11634904,11751198,11801182,11798565,12017007,11796317,11336735,11749525,11795624,11771253,11839896,11948659,11737502,11332953,11727684,11774159,11787044,11829231,11749137,11733399,11317972,11552137,11776059,11766267,11283563,9758797,8872668,9519119,10650293,11580469,11758005,11800049,11988827,11915948,11411531,11753657,11712935,11772615,11820315,11848734,11815429,11391041,11732087,11922599,11807758,11929972,11928477,11923741,11368156,11713082,11787215,11766091,11854097,11931721,11774029,11410434,11824068,11932084,11446123,11676142,11879588,11761755,11481537,11658950,11739859,11731854,11738930,11653380,12083884,11396898,11653329,11766991,11738902,11738930,11921570,11869880,11396898,11653329,11657974,11729440,11775675,11908835,11837080,11364382,11689108,11850362,11701371,11733592,11853909,11766137,11192045,11573842,11645654,11634835,11665574,11878135,11760449,11157729,11617272,11612777,11740193,11670797,11740105,11552790,11076365,11521470,11517566,11679282,11761301,11799301,11721098,11245155,11550487,11689493,11575557,11597208,11930362,11585286,11042813,10910288,11507494,11274391,11280933,10885906,10754706,10799650,11593209,11542916,11728714,11759997,12005334,11760960,11451329,11743309,11756993,11715233,11922135,12301731,12371407,11712628,11647317,11875909,11895666,11968789,11989545,11985187,11517067,11749412,11903049,11997238,11976100,12123462,12504832,11565350,11819581,11730349,11709327,12060476,12336220,12536737,11950980,12049433,11574311,11964076,11678381,12288332,11612690,11122238,11467261,11569095,11712834,11692117,11894636,11659902,11259696,11602377,11619713,11676171,11658009,11626615,11568272,11057358,11582795,11693306,11759184,11755070,11805234,11922201,11221832,11518962,11702544,11677432,11674506,11701852,11452180,11140712,11539664,11607946,11688359,11661980,11722721,11396687,10973259,11449057,11596944,11558388,11556073,11553853,11244606,10877438,11340399,11453481,11475373,11406217,11379775,11024453,10947139,11467179,11532129,11624726,11607767,11550667,11168673,10732016,11257811,10824037,11493501,11641549,11685826,11505935,11009799,11440224,11568101,11493702,11424250,11612913,11503585,10958935,11269580,11399218,11501640,11799227,11772726,11554803,11207563,11408683,11504042,11541355,11718922,11799481,11681725,11455372,11539724,11484447,11592992,11598219,11801951,11650639,11235640,11493427,11515019,11578609,11572340,11731783,11659020,11247644,11493820,11503261,11649806,11625107,11765697,11548879,10403186,9320629,9051676,8437975,8983562,9803774,10558980,10965959,11181323,11457688,11522965,11601917,11873982,12021753,11659252,11641896,11693550,11654629,11791982,11972232,11944399,11458519,11556090,11622163,11647210,11679055,11848748,11844723,11363295,11529983,11653208,11632131,11623877,11729220,11543592,11183776,11514387,11549610,11642573,11622657,11707133,12071846,11152262,11472986,11547204,11610089,11664830,11673862,11467733,11096472,11476138,11572602,11594866,11673094,11806365,11686613,11307962,11578684,11580846,11634593,11694908,11823491,11616263,11192815,11536544,11598515,11598674,11670673,11804736,11744888,11244043,11518917,11601057,11687529,11726155,11916466,11829196,11347470,11562537,11703618,11792757,11809829,11896940,11726096,11259908,11382773,11658404,11672179,11725568,11774276,11291808,10838393
11470,10689197,10299495,10182761,10125855,10125989,10062652,10459774,10674944,10207166,10150661,10230788,10178836,10134051,10612902,10776428,10216946,10170190,10208392,10138476,10252157,10577743,10764457,10365599,10213206,10186194,10250527,10076253,9652439,9986598,10532621,10302473,10223482,10213040,10153633,10573536,10799618,10243176,10263442,10168204,10160616,10221006,10499806,10666641,10259133,10152476,10138676,10168157,10198156,10442131,10591390,10133567,10068310,10051845,10008301,9995672,10309064,10521043,10032480,9929926,10361041,10005506,9992049,10370895,10610742,9959651,9907127,9917351,9884911,10207363,10448274,10547038,9929599,9850313,9830603,9884911,9863599,10279110,10547038,9929599,9891170,9829617,9815173,9868035,10278923,10478191,9870231,9802641,9843863,9804581,9859271,10178459,10242773,9779987,9761574,9841584,9811040,9747122,10125871,10356920,9827128,9846800,9708711,9720584,9821126,10116772,10321978,9818118,9766109,9735750,9701003,9504400,9869307,10036567,9534892,9496786,9195371,9201190,9335394,9581304,9552843,9412903,9229448,9336195,8972290,8979429,9265408,9918043,9649852,10243849,9533033,9375616,9436627,9904036,10111256,9616807,9483359,9452334,9375572,9421891,9877966,10050884,9521985,9519093,9523634,9532038,9502258,9789763,10079823,9567203,9483672,9402900,9417532,9444850,9804334,9970023,9533870,9690486,9568762,9523552,9528830,9914040,10080422,9543632,8993992,9425417,9719055,9347448,9936746,10167372,9774283,9654380,9631580,9731899,9676004,10058316,10326034,9837007,9791354,9750288,9849235,10030217,10119316,10470596,10028168,9919880,9863029,9802473,9807890,10112682,10319741,10004864,9873744,9855163,9823793,9818988,10157506,10362138,9973872,9898356,9898735,9810464,9816638,10064564,10298291,9860298,9799446,9701795,9629359,9684474,9724860,9836855,9511512,9487531,9556455,9520620,9458075,9585211,9859541,9670794,9601754,9708161,9694078,9602355,9750986,9801190,9611185,10002245,9786542,9807527,9735884,9990709,10309726,9899867,9804462,9828548,9862025,9779181,9990884,10126636,9822377,9731637,9751214,9773457,9653773,10017808,10223598,9707021,9671889,9626293,9610885,9623642,9974569,10197032,9788665,9590021,9659578,9655822,9671789,9896368,10199553,9733095,9670193,9642796,9601188,9664910,10141790,10235313,9749509,9652337,9699020,9642615,9726571,9938391,9173075,8648411,9217084,8767146,8595937,9079092,9482160,9973681,10186090,9766115,9788062,9734517,9659088,9975726,10209908,9722147,9611365,9528313,9539972,9579763,9858289,10061415,9642801,9594830,9573354,9545418,9614655,9819878,10075776,9643052,9576858,9581766,9559776,9600639,9891936,10091269,9618705,9492400,9576068,9556594,9600406,9902130,10055009,9663200,9601859,9594932,9606154,9610068,9968153,10220755,9723319,9650443,9684982,9690110,9710953,10011011,10215513,9719980,9587897,9591933,9600679,9626294,9999521,10269763,9692837,9663934,9605327,9624068,9618756,9994772,10279615,9657176,9616949,9610373,9610030,9584689,9941310,10242785,9735732,9664897,9739206,9635464,9653048,9963636,10047600,10097515,9775069,9737217,9705278,9776599,10041765,9990746
11500,13520876,13144564,13018377,12992795,13073105,12922248,13346636,13584854,13022141,12956572,13074734,13024829,12992784,13437881,13652486,13109541,13005593,13018177,12950378,13079091,13399534,13619513,13190651,12981861,12995515,12938761,12666920,12029667,12552705,13259508,13047790,13027010,12989776,12986704,13381345,13629151,13077710,13092319,12985617,12996770,13046515,13357482,13611284,13146761,13058267,13089314,13051010,13133458,13394549,13649731,13210439,13108940,13100005,13035400,13007314,13374717,13505777,13026630,12952817,13555315,13045403,12966572,13405141,13569929,13067733,13025328,12959089,12930116,13284365,13320699,13443653,12996468,12880167,12862056,12930116,12912082,13321266,13443653,12996468,13035543,12908202,12843148,12885583,13271979,13432000,12988102,12888030,12905176,12832296,12894107,13256861,13268177,12985810,12915267,12958743,12878222,12781343,13027536,13182980,12904805,12928848,12831772,12896471,12932329,13114314,13227050,13025487,12917816,12890119,12876049,12684175,12920668,12949073,12665052,12615359,12341075,12315319,12563662,12630502,12440835,12465950,12415292,12592789,12198515,12102335,12262324,12787847,12763867,13318584,12747089,12656746,12753784,13118436,13169279,12818659,12706253,12681899,12661117,12743511,13125831,13117098,12836113,12874353,12855074,12868539,12766888,12978490,13144620,12888998,12854932,12889437,12838974,12903863,13066825,13080134,12682459,12908369,12966803,12824761,12868219,13177246,13197250,12948109,12309782,12626060,12954917,12679723,13338789,13527350,13300641,13158862,13093982,13238618,13141781,13491410,13657086,13373692,13280975,13218022,13260138,13445056,13434162,13686004,13350166,13213282,13221146,13172412,13166272,13586032,13652094,13378551,13172890,13152411,13077859,13028792,13421786,13555611,13220677,13205062,13219604,13138754,13121715,13390799,13639587,13183417,13159017,13061745,12927437,12956379,13094514,13129489,12965299,12880785,12952666,12881453,12727528,12906027,13405616,13117212,13052690,13129082,13081114,12976574,13062849,13035437,13017469,13532268,13178999,13177183,13120862,13353117,13662053,13336614,13269796,13312074,13267156,13123588,13348841,13376686,13247146,13153095,13168672,13144857,13127004,13360982,13534650,13230735,13140069,13157300,13152155,13068694,13285858,13368288,13181118,12972920,13045421,12971228,12982713,13112592,13303477,13044728,12989826,13016640,12923396,12984911,13181168,13337874,13042882,12910295,12944414,12939347,13062821,13269483,12259573,11446755,12036210,11477038,11407388,11926277,12374159,12965577,13415904,13053154,13152502,13015531,12967874,13277052,13412557,13043680,12930176,12861423,12909932,12870492,13015255,13193707,12978969,12874048,12848898,12803165,12860785,13030223,13231638,12990231,12894732,12913055,12885657,12913565,13124453,13266558,13004871,12880666,12949601,12915326,12900236,13162422,13248115,13013220,12916231,12905842,12897341,12943462,13256664,13383088,13060207,12982885,13002747,13127253,13090721,13397890,13529428,13181350,13009313,13028104,13032075,13052267,13361458,13488919,13055829,12988442,12981663,13011000,13020484,13424402,13653386,13135461,13089118,13065514,13034891,13044135,13447178,13647315,13210642,13130923,13262802,13160061,13120118,13488492,13435144,13629564,13221546,13191866,13162602,13163634,13416051,13274945
11530,9793675,10071729,10024307,10004027,9964488,9928038,9857385,10060975,10026888,9983039,10134802,10003834,9984813,9732829,9919756,10036344,9946126,9955872,9949641,10013400,9802570,9844763,10061294,10025939,9995588,9869253,9259773,9120285,9331832,9631134,10067271,10071970,10099622,10127150,9708229,9923804,10054043,9998748,9941399,9942184,9944241,9663158,9804436,10006021,9956301,9948751,9913064,9911261,9943542,10081346,10047663,9917054,9975213,9962273,9935937,9741545,9819571,9994229,9965043,9566035,9955489,9919421,9610649,9825195,10054304,9985604,9925931,9956936,9940236,9657325,9755617,9963011,9897254,9871798,9956936,9849697,9588253,9755617,9963011,9909231,9922810,9894810,9849212,9576576,9710730,9941529,9870396,9971976,9892317,9856913,9468034,9558479,9940777,9759226,9846307,9829223,9781268,9383743,9538756,9858248,9782028,9804162,9794234,9824915,9404747,9642073,9895988,9755187,9803950,9830069,9620868,9299114,9350136,9574342,9563177,9392240,9437190,9529641,8980807,8875050,8955774,9277259,8924891,8893320,8463741,8581637,9122799,9589265,9463501,9585022,9542554,9564212,9328071,9402984,9730836,9695044,9655378,9641583,9550646,9293395,9326569,9641797,9624228,9649152,9714247,9604856,9307192,9449509,9659533,9714223,9702217,9652056,9598334,9206458,9309520,9438468,9047087,9620256,9625018,9604162,9307983,9340591,9629860,9250055,9729968,9744103,9738030,9322716,9465416,9770331,9686330,9669854,9700667,9711607,9451632,9590008,9846847,9777577,9743738,9761046,9703481,9329692,9585846,9863089,9817460,9794356,9752657,9711530,9430890,9650112,9865007,9716638,9796910,9783793,9689361,9490842,9666464,9954045,9862995,9888579,9824512,9709070,9414835,9528676,9768716,9673624,9601486,9567740,9441552,8976089,9059279,9303797,9279858,9295003,9293358,9235999,8926030,9319176,9759000,9359461,9425888,9520527,9406166,8947625,9033884,9295287,9265049,9515835,9600512,9541498,9174895,9458163,9610250,9602307,9638961,9596817,9538368,9233118,9276262,9583904,9592284,9542736,9463855,9538059,9312017,9432301,9577708,9522358,9541067,9628738,9546576,9196039,9412720,9655947,9509403,9577211,9502415,9513169,9150811,9265150,9564342,9543219,9545610,9531448,9564176,9300223,9401981,9585463,9511535,9557692,9499067,9574868,9333550,8727752,7897945,8433323,8211498,7902603,8205098,8588770,9104116,9204846,9605705,9644922,9569367,9684921,9575031,9737323,9862027,9748299,9667826,9721356,9678477,9436722,9641993,9798279,9710738,9695611,9694266,9691403,9456140,9672917,9786606,9704185,9732277,9664285,9720919,9545783,9653940,9778439,9679476,9695366,9693983,9668465,9479596,9659198,9792500,9691652,9702232,9710551,9661352,9516594,9757173,9805853,9766040,9776277,9827972,10009623,9949746,10044612,9884413,9743672,9800855,9805830,9792997,9895024,9851445,9860736,9825224,9811228,9798238,10025764,10135838,10233613,9948024,9879465,9824461,9810476,9833470,9861625,9979313,9979526,9877030,9971473,9834737,9778225,9642101,9723232,9825284,9894723,9891704,9853963,9810921,9753038,9878517
11545,4959238,5746328,5681283,5641946,5599443,5604739,4951249,4897954,5702277,5740472,5717280,5706566,5701694,5065433,5015302,5754874,5708718,5668183,5684467,5625568,5072205,4975183,5683145,5778280,5766201,5462365,4829390,4835080,4775446,4977226,5707560,5752380,5744103,5718059,5034650,5004422,5768660,5661076,5706412,5723712,5658655,5018116,4986297,5746521,5735414,5723588,5717065,5634583,4994533,4971937,5749037,5696394,5715649,5682382,5664675,5011659,4940800,5713197,5687800,5056132,5651441,5665427,5005148,4958654,5701807,5678129,5659985,5627735,5397802,5027222,4968813,5677839,5674976,5668073,5627735,5633019,5012032,4968813,5677839,5603980,5654396,5652260,5605559,4963111,4914324,5704730,5645500,5569962,5651465,5623599,4913149,4825026,5652622,5612582,5597015,5599087,5562525,4899817,4883913,5670699,5588196,5637303,5610739,5552010,4854986,4823002,5678247,5521050,5578930,5620530,5458969,4785034,4679859,5520148,5524295,5410867,5397154,5453211,4698805,4561250,4823141,5234487,4704769,4854249,4458571,4480687,4656224,5448959,5085066,5490862,5538887,5500265,4832165,4710508,5566909,5567730,5538363,5562276,5512849,4904389,4835047,5640735,5668742,5624561,5584629,5518170,4818505,4764763,5596391,5644512,5620097,5565635,5531374,4802269,4723802,5375256,4897556,5564293,5596026,5569313,4863269,4785618,5639588,5452444,5734156,5699032,5753510,4864845,4859936,5640427,5633544,5663148,5615038,5628806,4956102,4908210,5777567,5709903,5702650,5642071,5406244,4936339,4944227,5780682,5756112,5716619,5698737,5654222,4960143,4837445,5718469,5720749,5689611,5640494,5575604,4893569,4923141,5749151,5690709,5678585,5667032,5611456,4895929,4837066,5674903,5634570,5574886,5570064,5498764,4699457,4640311,5381555,5363373,5359621,5340257,5257116,4683732,4777284,5557243,5503509,5518352,5529372,5437266,4689519,4565689,5288928,4850768,5533152,5564973,5502202,4787407,4808476,5616059,5558727,5565674,5573078,5519807,4813792,4712319,5587881,5593472,5563017,5624868,5593766,4846080,4816038,5621459,5582592,5568825,5601922,5563925,4813838,4810824,5640500,5564262,5571807,5567044,5523125,4799795,4763694,5600051,5570985,5567033,5557450,5507406,4827829,4751871,5622017,5621568,5588115,5583846,5573935,4858059,4469778,4317221,4536867,4452217,4241897,4416098,4534863,4694215,4928752,5625242,5626050,5599395,5656581,5045700,5024755,5746119,5695474,5673119,5670481,5617355,4981933,4987114,5726873,5677849,5662214,5641178,5597274,4933112,4978372,5715891,5682374,5685161,5685546,5649143,5008065,5001095,5723609,5669971,5682915,5678851,5653925,5025861,4983892,5742388,5711047,5701768,5698153,5621617,5064729,5097731,5763130,5735691,5724936,5762178,5689984,5114262,5106234,5781193,5722057,5739116,5738265,5695319,5101548,5098823,5774741,5758999,5730045,5743888,5695899,5116935,5091697,5766698,5756666,5761207,5698549,5658964,5097096,5126010,5792570,5750557,5768181,5731918,5666097,5087513,5010627,5135417,5747794,5745223,5736210,5580947,5064873,5003154
11560,10365974,12064104,12168432,12178943,12022413,12224248,10939598,10614442,12168641,12182348,12054297,12125813,12258535,11079194,10786240,12210169,12216849,12189638,12277650,12042931,11095902,10721265,11932532,12299110,12254395,11514913,9264502,8947942,9357511,10073024,11983645,12193963,12166212,12278850,11003292,10774562,12176430,12012840,12194561,12129067,12082986,11121101,10865956,12072046,12233656,12214463,12176375,12063999,11103861,10747634,12170800,12146051,12238101,12130818,12255911,11151151,10675128,12162679,12277242,10812307,11797816,12103966,10991089,10753623,11898137,11970919,12046812,12022737,11385004,11298898,10689253,11908888,12000214,12018910,12022737,12046964,11031795,10689253,11908888,11870126,11994843,11937266,12095934,11008181,10599823,11950673,11966048,11969932,11991085,12002238,10940228,10759286,11971072,12049800,11913981,11907981,12428821,11824859,11349421,12255240,11980146,12207162,12131213,12023411,11022759,10720917,11902054,11748717,11928566,12044630,11943437,10789689,10582230,11870878,11951854,11818375,11719500,12021577,10552504,10161752,10092442,11310423,10185361,10913539,9915054,9704263,10238206,11608924,10655947,11866355,11868150,11949103,10750711,10639348,11871964,11940267,11911711,11845246,12012594,10942264,10658936,11794888,11924903,11980938,11936316,11965153,10870760,10527421,11815502,11929704,11945388,11878806,11934576,10743569,10447458,11566824,10566031,11636371,11845780,11901422,10726889,10500142,11727407,11536301,12404971,12006535,12702642,10799515,10540250,11738696,11845952,12019290,11773602,12042828,10707954,10508091,11965935,11922036,12027780,11804159,11414087,10670486,10528118,11969428,12099473,12082389,12025251,12066102,10721289,10541690,12011782,12080140,12015210,12004800,12036022,10639914,10560239,11931582,12060405,12091104,12010262,12132279,10641296,10330018,12117854,12089805,12042364,12026172,11919021,10534193,10333948,11699308,11795527,11824849,11780173,11694212,10446105,10551103,11904833,11972296,11973906,11970969,11910815,10447421,10154788,11433278,10211357,11892897,11989603,12007299,10665276,10559120,12000305,12177590,12017218,11941949,12048415,10864076,10460945,11904446,12034397,12057358,12002180,12093350,10936445,10721492,11877998,11927484,11917207,11991905,12057153,10827256,10726733,11930359,11878919,11981838,11962960,12027229,10847719,10593013,11910677,11867879,11995714,11955576,12039878,10910647,10573038,11972773,11970561,12063263,12026747,12023177,12000566,10433629,8840981,8658630,8348253,8456700,8990088,9570556,10130103,10296978,11857681,12063690,11992775,12228964,11207363,11117243,12200179,12214966,12145001,12215030,12235295,11103883,10941634,12115297,12120019,12187367,12156571,12216107,11139073,10924795,12153543,12208709,12157303,12111846,12179027,11004220,10948251,12129341,12048405,12267094,12102281,12152587,11071520,10838380,12098623,12149757,12158449,12146935,12142270,11108961,10970650,12108425,12196059,12237621,12271729,12265615,11255436,11039488,12163425,12315536,12217820,12246408,12269933,11255721,11115430,12160180,12210505,12236981,12234462,12315383,11383250,11115527,12157453,12175457,12250788,12232518,12335238,11472810,11277385,12207701,12297033,12415323,12336208,12364223,11262727,11049593,11043670,12213077,12296320,12263666,12176421,10906108,10900513
11590,9993803,10083171,10072376,10119900,10170388,10066403,10259977,10325070,10179503,10186294,10205029,10133055,10045500,10258728,10312640,10110012,10093126,10092173,10068362,10132042,10233403,10248613,10168869,10080368,9985706,9881750,9459785,8950676,9113272,9824875,9977083,10039047,10074725,10061402,10347818,10354792,10109074,10140747,10074479,10048749,10081095,10264717,10316873,10147118,10120630,10127857,10094811,10191344,10168927,10228964,10116325,10105571,10113540,10088079,10010842,10191923,10242781,10075368,10059537,10390068,10325551,10175964,10289710,10336296,10344255,10367345,10321334,10309688,10520888,10367148,10342444,10378791,10356450,10330819,10309688,10226474,10243224,10342444,10378791,10341608,10234416,10207496,10154713,10231681,10227717,10299182,10282396,10280095,10250479,10159367,10151252,10086785,10246125,10204808,10250050,10240035,10077071,10020693,10097688,10170564,10242585,10127887,10163616,10113307,10131440,10164149,10286351,10232270,10251061,10212720,9960835,10054645,9997080,10034341,10042943,9776379,9759214,9841838,9630577,9402074,9773546,9759964,9532410,9264272,8963540,9010721,9493555,9905782,10130618,9971902,9897657,9884426,10037617,10016381,10017778,10009509,9937170,9973372,10047735,10071406,9959250,9991480,9967169,10044555,10066503,9910397,9929454,9911701,10004247,10055748,9981393,9939250,9895826,9927843,9871315,9909953,10080573,10065966,10015660,10002390,10101793,10056728,10015772,9521240,9958744,10064163,9714020,9976564,10087315,10185075,10171680,10087272,9993498,9872620,9950153,10047834,9881311,9824040,9773553,9835559,10025678,9888422,10014571,9973044,9899717,9832159,9830076,9805782,9938607,10037502,10047008,9957894,9882428,9868340,9832092,9990995,9985500,9951199,9934373,9908667,9871394,9759353,9841088,9939861,9803320,9828273,9705001,9684127,9585642,9572614,9590325,9624953,9575966,9626703,9588109,9476698,9471881,9693110,9698244,9659098,9687707,9700112,9583160,9542621,9529544,9607072,9927737,9801623,9845260,9765381,9893441,10019825,9857621,9801504,9824370,9817310,9762785,9907679,9910705,9941277,9935095,9969263,9955417,9935649,9900531,9943426,9987360,9998828,9990032,10027319,9899853,9936300,9986730,10124651,9990541,10056740,10030609,9970505,9965960,9932087,10043362,10009436,10028963,9942329,9889674,9934711,9977771,10022702,9989714,10017170,9988941,9999900,10114948,8930713,8237119,8687690,8274623,8144273,8597325,9070928,9571092,10076587,10045039,10024948,10038350,10036061,10166413,10148059,10110213,10057424,9972351,9987572,9957034,9972739,9994635,10063625,10009418,9993310,9948351,9895349,9895417,9950285,9970327,9958391,9995788,9949313,9896777,9949072,9970649,10051063,9990448,10018948,9967648,9903766,9974443,9972100,10064408,10060957,10015456,10025430,9960139,10043795,10058988,10098713,10090815,10093481,10071251,9985522,10079269,10075567,10060771,9978743,10011256,9991884,9970170,10210807,10252902,10065464,10054326,10071123,10036632,10026819,10227844,10268569,10080489,10088933,10072873,10011280,9934881,10071185,10089768,9989229,9885551,9948225,9854996,9804964,9904052,9744074,9895602,9803064,9788703,9787936,9734915,9797033,9544543
11620,12687378,12222345,12150733,12100955,12216408,12100294,12724921,13055866,12181648,12120196,12230794,12205308,12094555,12736982,12981426,12183432,12121674,12163692,12050865,12250853,12699707,12959501,12293138,12011053,11895039,11783847,11368160,10714280,11084926,12011372,11968673,12009766,12046805,12030506,12804637,13089173,12123678,12217148,12050357,12085848,12132083,12677416,13000427,12147659,12069434,12075995,12057047,12112885,12616009,12918461,12100160,12052214,12064157,12040562,12093954,12553072,12917597,11985594,11969368,12929424,12304931,12138895,12737682,12987250,12276460,12215475,12203073,12193362,12682520,12724009,13057220,12255611,12158060,12174798,12193362,12100352,12685404,13057220,12255611,12246813,12152817,12107881,12096265,12609459,12904313,12158845,12114068,12067816,12035453,12093052,12576176,12710865,12152013,12108539,12243556,12230661,11970988,12361668,12650881,12046323,12183508,11975896,11977946,12024291,12478230,12702326,12161127,12149253,12082669,12007569,11726841,12224078,12377124,11773335,11775061,11460086,11456432,11572789,11849879,11852539,11875922,11490569,11748807,11234858,11141872,11194666,11855950,11669779,12488146,11710760,11640306,11627299,12261801,12570824,11841606,11791710,11664727,11642619,11625998,12231356,12344970,11727969,11789680,11745609,11753218,11573125,12111666,12473017,11768352,11731831,11638971,11679556,11658025,12071646,12264905,11660481,12034064,11845670,11806790,11736399,12317865,12497022,11807189,11144375,11423384,11782131,11177873,12295833,12508202,11945077,11859351,11800011,11960785,11813080,12388726,12687017,12006496,11936585,11854503,11905240,12258507,12268581,12658934,12021134,11925886,11922974,11853418,11871171,12419247,12698097,12083924,11907435,11807418,11759997,11730678,12295533,12514469,11904992,11878851,11895186,11785503,11807049,12214982,12549235,11779870,11841893,11746528,11624049,11661142,11947718,12096022,11582901,11526141,11578731,11527706,11411771,11768918,12256164,11710310,11709038,11751474,11761923,11605731,11900540,12005126,11603826,12364440,11788602,11807792,11737454,12216198,12531326,11874335,11811627,11872463,11870767,11750737,12203632,12378261,11786324,11785338,11760150,11759601,11762321,12204363,12546196,11915300,11908412,11882658,11850021,11790640,12303459,12492479,11978095,11777575,11832776,11791735,11748084,12136769,12436866,11918156,11864632,11849592,11799204,11740053,12113230,12527146,11865366,11776424,11768936,11707207,11690721,11853035,10751019,9786109,10425328,9854943,9713607,10358877,11022304,11852691,12339197,11825904,11888417,11855049,11863753,12426964,12751899,11953739,11833704,11792088,11836064,11867700,12327580,12625789,11943044,11879395,11830719,11811921,11786930,12189499,12541247,11914227,11835874,11853131,11878556,11866088,12261456,12561723,11943969,11826371,11855268,11846594,11814774,12271270,12544025,11943616,11875400,11829813,11852592,11837048,12347509,12633203,11967366,11928045,11930297,11943460,11924686,12455182,12747924,12057439,11874925,11907016,11907448,11929538,12504465,12729109,12016275,11945915,11938469,11961114,11958262,12590435,12840085,12004630,11985109,11975449,11932736,11879661,12523610,12765250,12030945,11939941,11949781,11866239,11825211,12348343,12446438,12536500,11926918,11939922,11898264,11957544,12222458,12066712
11650,12669165,15422590,15733740,15852245,15727173,16110958,14378954,13368355,15848334,15999863,15772203,15937747,16039282,14480783,13547078,15818471,15912316,15866204,16077700,15607330,14399051,13362834,15469613,16083948,16067403,15013722,11436386,10156402,11146603,12509844,15248892,15812765,15865520,16053375,14326016,13549856,15826704,15594536,15888425,15877772,15776042,14425256,13598138,15689725,15947653,15920998,15996643,15841800,14586191,13583708,15858840,15821155,15914227,15902772,16055974,14538467,13458437,15657855,15908688,13574254,15307452,15864728,14341782,13607573,15545877,15630616,15723597,15699832,14745984,14744559,13575984,15502765,15662895,15652195,15699832,16003360,14572123,13575984,15502765,15602023,15739231,15620177,15742297,14477808,13631481,15580881,15613254,15596190,15719559,15712340,14108318,13249056,15394051,15496571,15439234,15495347,15786246,14224316,13290169,15448002,15262044,15617691,15567449,15708681,14095279,13293522,15431903,15158471,15414113,15645691,15478550,14000485,13203386,15207172,15354618,15211010,15235779,15495932,13720784,12603342,13054605,14403392,12576876,13296636,11842177,12115428,12522669,14861845,13545586,15189265,15396489,15661915,14395411,13455983,15337785,15482238,15505982,15417047,15583548,14437790,13422278,15234004,15414629,15367744,15492705,15553181,14238945,13289298,15260824,15487974,15432975,15464850,15601240,14026342,13038745,14806072,13537434,14925432,15397863,15542279,14033001,13166577,15147512,15050203,16231163,15572093,16713428,14135457,13195616,15151239,15366067,15729114,15347990,15674391,14122324,13214378,15465565,15401799,15525067,15271530,14664793,13938415,13199482,15491854,15656904,15703502,15707814,15740107,13878794,13161288,15549072,15737142,15691886,15626835,15719987,13830995,13128052,15442281,15627699,15682396,15614015,15650844,13773929,12961855,15202737,15418238,15338737,15373069,15231882,13277171,12593054,14683666,14991423,15033150,14927796,14844771,13211908,12612256,15323746,15355749,15466102,15498141,15410494,13465059,12572273,14721241,12892755,15252279,15487192,15601789,13902361,13274050,15420434,15637808,15491610,15494861,15670233,14122423,13104955,15250803,15432293,15377616,15408666,15439731,14105077,13319934,15321783,15434797,15364769,15373349,15581314,14229964,13466418,15275180,15386503,15442355,15335267,15521154,14162004,13301666,15187729,15219136,15313968,15374482,15502723,14107800,13297827,15284599,15390014,15308932,15363934,15350471,13494710,11906122,11068869,10348622,9478729,10108369,11124504,11833036,12218823,12764552,14957718,15116856,15325204,15421602,14097045,13211340,15080118,15132585,15157865,15195673,15253075,13905844,13148022,15017109,15146626,15119083,15174681,15321497,13933501,13192789,14963659,14997451,15036436,15078566,15181735,13830713,13124199,15018876,14994312,15077452,15118488,15248421,13922429,13041818,14901573,15088059,15033249,15025191,15218049,13909713,13133832,15024146,15133791,15143495,15226446,15355842,14067471,13195060,15116061,15112316,15263748,15330870,15470631,14090710,13275439,15249144,15363208,15376088,15423863,15581382,14326187,13235148,15227275,15311623,15361400,15492328,15604972,14423205,13493588,15112562,15499669,15473612,15487323,15580156,13944185,12751108,12818356,15178603,15291084,15343749,15107467,13427487,12505002
11680,16020049,21305927,21995819,21969038,21745725,21994220,19042147,17115999,21695324,21921380,21576758,21830847,22081679,18836128,17353393,21649241,21937200,21852174,22198124,21456138,18757414,17251398,21037764,21991478,21929647,19923571,14356467,12224372,13618528,15605355,20855375,21743169,21950208,22014190,18738010,17235970,21723677,21540067,22040208,22034684,21623168,18970268,17528765,21454618,21982381,21984811,22075268,21737649,18953289,17438048,21658803,21854951,21967385,22031009,22019939,18879203,17267699,21572171,21927540,17486782,21044489,21637662,18533030,17142234,21140436,21456916,21639980,21619235,20064496,19067958,17394509,21185881,21498079,21473448,21619235,21654476,18638039,17394509,21185881,21141469,21472116,21566236,21463931,18609865,17174657,21159526,21346964,21254160,21535903,21491263,18315054,16853336,20980961,21211506,21021025,21152809,21418974,18029704,16704376,20826452,20600443,21183462,21139238,21030792,17874934,16650362,20776955,20536505,20805358,21082781,20884992,17878101,16536094,20427191,20746411,20539918,20524076,20867130,17532902,15801302,16507749,19132393,16380788,17649757,15316851,15745395,15688641,19880699,17571297,20656378,21016357,21197027,18539109,17296961,20818051,21337220,21091160,21230262,21274985,18355527,16773132,20659165,21067661,21209473,21299957,21343706,18415110,16779476,20679784,21145736,21217883,21237193,21245914,18112227,16491533,19884622,17272354,20514174,21145768,21199176,18113629,16664188,20778510,20884637,22463917,21688295,22878148,18190550,16697614,20733646,21168259,21339525,21153706,21504580,18178178,16787785,21259732,21491778,21680225,21400482,20209250,18164145,16867352,21347617,21667280,21732865,21870210,21703911,18313860,16927800,21293145,21751398,21726871,21662016,21588493,18268277,16954183,21322743,21590877,21737945,21868323,21754749,18326071,16947165,21163737,21520077,21453773,21433112,21238555,17705983,16397762,20571269,20942119,20830704,21062725,20969288,17552528,16703247,20752675,21192137,21302452,21389060,21281880,17722151,16223597,19682581,16750930,20989924,21470298,21426164,18113675,16787578,21011647,21336754,21290921,21376134,21378293,18274118,16703655,20869484,21176071,21293057,21345358,21122129,18166953,16837195,20919453,21039234,21069513,21233692,21140120,18469058,17109277,20637491,20871708,20976571,20990935,21041461,18196380,16754366,20744882,20996777,21071081,21090069,21082706,18132645,16892088,20762601,21017407,20934000,21046957,20871253,17550867,15211268,14011181,12946019,11465786,12397912,14005059,14973465,15277182,16084483,20520634,20808932,21000597,21054782,18039834,16632890,20616306,20816829,20855534,20812903,20830374,17873026,16622995,20607212,20855203,20909782,20985027,20969354,18035284,16675002,20501772,20847108,20817988,20837363,20814793,17982964,16733494,20503215,20697296,20757818,20873536,20888846,18180820,16717934,20436126,20732849,20719489,20783404,20766521,18005610,16651662,20536183,20876028,20822256,21119378,21103941,18213067,16827819,20701890,20854179,20910904,21040357,21097925,18131515,16611979,20597533,20869511,20956054,21085358,21091175,18291378,16737239,20605480,20881826,20997047,21141731,21212584,18547703,17039668,20590843,21199220,21334345,21363904,21248968,18211421,16660069,16340273,20677496,21094107,21193750,20644234,17666088,16080844
11710,17608157,18124565,18332501,18327963,18326530,18390882,18375508,18131711,18227075,18194495,18165620,18293760,18274204,18363947,18184484,18207158,18195751,18207373,18345898,18283793,18508240,18282279,18176983,18325024,18207929,17786753,16139011,14692892,15912282,17615659,18166946,18138084,18165400,18254564,18360060,18250265,18153034,18150457,18110141,18096027,18236144,18465623,18341069,18256214,18226199,18287499,18215030,18413996,18521760,18254906,18296818,18316230,18399197,18308942,18418839,18442488,18047344,18353862,18377988,18346792,17917769,18088577,18274314,18083395,17840300,17820024,17816659,17798297,17929337,18370176,18036842,17790223,17705203,17725400,17798297,17821087,18198006,18036842,17790223,17797799,17735367,17702775,17819181,18098035,17883798,17722484,17667655,17665242,17717065,17931280,18210293,19184745,17911077,17817606,17775712,17947449,18096901,18597798,18425018,17982406,17953981,17880758,17930221,17934292,18418208,18362341,17757370,17655579,17780701,17918602,17680275,17865537,17681280,17566715,17559689,17212796,17073873,17772535,17710612,17004673,16837157,17304821,17214987,17061735,16591330,16603917,17161867,17630657,18109030,17634724,17606984,17934000,18345060,18157083,17885850,17723609,17779375,17858307,18063136,18436721,17914818,17643803,17762513,17796296,18042406,17926298,18559578,18463685,17697481,17721260,17701874,17783963,17899997,17975461,17707500,17768809,18009516,17729566,17830046,17886799,18232654,18008886,17737870,17098477,17948065,17988262,17916988,18063544,17963835,17934649,18044768,17975001,18048873,18074334,18243870,18051647,18080839,18082588,18087801,18166467,18282292,18342079,18172243,18212232,18230846,18217910,18167377,18231974,18419231,18222751,18218022,18185802,18115885,18122404,18118516,18323748,18115781,18128207,18192095,18219889,18174657,18251374,18061531,17872210,18098408,18253579,18106684,18093459,18146918,17943561,17688593,18089643,18141956,18155394,18070889,18024899,17754619,18048657,18184623,18159693,18209301,18185322,18048987,17703241,17315201,17796448,17878129,18037164,18235882,18196253,18362305,18114243,18157621,18221833,18164432,18189079,18139656,18320618,17947479,17962355,18100176,18154674,18146787,18234858,18571461,18303341,17972425,18135424,18091167,18003432,18131477,18333554,18204861,18048739,17960464,18051792,18054962,18424529,18392581,17990235,17914011,17934739,18082641,17922935,18225320,18166363,18158517,18023239,18003855,18088217,18101385,18530978,18166240,16723489,15692333,15449421,13946689,14729042,15955623,16942783,17492042,18031858,17925767,18020737,18007088,18155324,18321089,18023637,17922491,18065771,17976222,17951126,18068643,18351192,18105142,17819143,17799214,17816082,17891513,18055694,18316264,18131308,18043588,17898933,17876500,17746235,17902841,18148150,18056902,17834245,17686309,17797108,17850586,17979427,18044268,17935155,17863741,17834652,17882945,17916570,17930879,18050073,17937908,17881896,17845961,17919329,18021616,18022248,18172077,18093100,18039428,17891791,17961468,17978796,18053477,18269052,18115663,18036990,17978043,18053919,18048981,18145441,18327968,18138670,18042880,17967957,17987524,18067855,18262991,18639693,18315633,18140373,18261133,18299130,18260418,18332923,18395549,18185933,18404982,18250590,18235853,18352311,18368743,18134888,18206796
11740,12117330,11708185,11587038,11557780,11590705,11525934,11853183,12162487,11602786,11580308,11657570,11607938,11566521,11940692,12282520,11640936,11561762,11593922,11569561,11762592,12057958,12295910,11797241,11646344,11607351,11676646,11316002,10604034,11246194,11978215,11824261,11727071,11683940,11665398,12037168,12377331,11718872,11744443,11658209,11639585,11706968,12024882,12322172,11749989,11604889,11634803,11630337,11725829,11942396,12248576,11742834,11664650,11675269,11608606,11623635,11926447,12206396,11632887,11571990,12057142,11660184,11657978,12058013,12369334,11654375,11588918,11568984,11487826,11942282,12234075,12287441,11615697,11539610,11501054,11487826,11622260,11997913,12287441,11615697,11612006,11579377,11483611,11556169,11961869,12231650,11620660,11505688,11523797,11471172,11555020,11882083,12018145,11534000,11414495,11509113,11591609,11514284,11697211,11988320,11458872,11475730,11346547,11376684,11541365,11811595,12081668,11572172,11582259,11840097,11871011,11778678,12144421,12235090,11686101,11624644,11451018,11470484,11806370,12171876,12250331,11975675,11849546,11945547,11623708,11605069,11742224,12415477,12164068,12650539,12091486,12083951,12225073,12557483,12684710,12106626,12058035,11972478,11732963,11280725,11747277,11962228,11442942,11366794,11364566,11221460,11253941,11690076,11961264,11411435,11316520,11255090,11238078,11368803,11681210,11876549,11369329,11540555,11518024,11404363,11461669,11836265,12021147,11493690,10789248,11240357,11452415,11235917,11866100,12147853,11768814,11803051,11609768,11729677,11685385,11998004,12323542,11805686,11736794,11635098,11707757,12065685,12057153,12420116,11919467,11781344,11791662,11721257,11780705,12049678,12302676,11905178,11740173,11736233,11654190,11632134,11984787,12264655,11804102,11734940,11735827,11660641,11702039,11918356,12211314,11662488,11605304,11517910,11446148,11516143,11627905,11786201,11459125,11347263,11426209,11365944,11280699,11481241,11797376,11476983,11584266,11668640,11621339,11518641,11637553,11771741,11630462,12029780,11778820,11805339,11740220,11919611,12334999,11866120,11710311,11739225,11735902,11703714,11893471,12031572,11667481,11615102,11638949,11590420,11612009,11871065,12152709,11570604,11549810,11588449,11576083,11607430,11818693,12123383,11675991,11457530,11498129,11427448,11517109,11744250,12002660,11556074,11542060,11489520,11408713,11488770,11702756,12035558,11548916,11434064,11474040,11423384,11548176,11665086,10824709,10202112,10705541,10010098,10069742,10708254,11175007,11732201,11927069,11568220,11612753,11492535,11538229,11909938,12157304,11525614,11417167,11305030,11328221,11405869,11608039,11887513,11474005,11336809,11359575,11337826,11434443,11600900,11902016,11416952,11353487,11348565,11268242,11370822,11638542,11898585,11438978,11297999,11363678,11297360,11404666,11629101,11799543,11408798,11349573,11357866,11351991,11426389,11647194,11897245,11436492,11392344,11405753,11423665,11478295,11738432,11973236,11497003,11343517,11392359,11382105,11437372,11765511,12040035,11457239,11406419,11432161,11396719,11468573,11768492,12076928,11492040,11447351,11432043,11379970,11456800,11803643,12090391,11622266,11492304,11593416,11479154,11515267,11814949,11956911,12037649,11632999,11572829,11545319,11632825,11839175,11887897
